{"cameraMode":{"drawMode":0,"name":"Shaded","section":"Shading Mode"},"sceneLighting":true,"audioPlay":false,"sceneViewState":{"m_AlwaysRefresh":false,"showFog":true,"showSkybox":true,"showFlares":true,"showImageEffects":true,"showParticleSystems":true,"showVisualEffectGraphs":true,"m_FxEnabled":true},"in2DMode":false,"pivot":{"x":-2.456496238708496,"y":1.3039426803588868,"z":8.08865737915039},"rotation":{"x":0.008680518716573716,"y":0.04707814380526543,"z":0.00040846862248145044,"w":-0.9988545775413513},"size":9.457173347473145,"orthographic":false}